1.Levon Aloyan - LevonAloyan
2.Arthur Sahakyan -r2rSahakyan
3.Ara Gasparyan - araGasparyan
4.Irena Torosyan - irenatorosyan
5.Anush Ghazaryan - anushikghazaryan
6.Artur Mkrtumyan -ArturMkrtumyan
7.Davit Baghoyan - davobaghoyan
8.Anna Qaramyan - AnnQaramyan
9.Narek Grigoryan  - NarekGrigoryan90
10.Sargis Sargsyan - sargiss987
11.Zaven Hovhannisyan - zavhovh
12. Tatev Eloyan - TatevEloyan
13. Areg Grigoryan - Aregism
14. Emin Ter-Mkrtchyan - Et-cappucino
15.Shant Abgaryan-Shant077
16.Mushegh Yeghiazaryan - mush-yegh
17.Hayk Aharonyan - HAharonyan
18.Anna Arakelyan - annaarakelyan98
19.Shushanik Harutyunyan -Shushoook
20.Gevorg Bagratunyan - GevBagratunyan
21.Vache Khachatryan - Gooner9803
22.Koryun Muradyan - KoryunMuradyan
23.Khikar Harutyunyan - Khikar-1997
24.Armine Terteryan - ArmineT
25.Apig Aramian - Apig99
